Quantity,Value,Designator,Footprint,Manufacturer Part Number,Manufacturer,Supplier Part,Supplier,Notes
1,21700 Battery Holder,BT1,BAT-SMD_L82.5.5-W25-BH-21700-B1BJ001,BH-21700-B1BJ001,MYOUNG,C20606791,LCSC,
7,22uF,"C1,C2,C3,C4,C5,C6,C14",C1206,CL31A226KAHNNNE,SAMSUNG,C12891,LCSC,
2,10uF,"C7,C8",C0603,CL10A106MA8NRNC,SAMSUNG,C96446,LCSC,
1,100nF,C9,C0603,CL10B104KO8NNNC,SAMSUNG,C66501,LCSC,
2,1uF,"C10,C15",C0603,CC0603KRX5R8BB105,YAGEO,C14664,LCSC,
1,10nF,C11,C0603,CC0603JRX7R9BB103,YAGEO,C115056,LCSC,
1,3.9nF,C12,C0603,GRM1885C1H392JA01D,muRata,C415537,LCSC,
1,100nF,C13,C0603,CC0603KRX7R9BB104,YAGEO,C14663,LCSC,
1,47uF,C16,CAP-SMD_BD5.0-L5.3-W5.3-LS6.5-FD-1,EEEFK1C470UR,PANASONIC,C178535,LCSC,
2,1N4148WS,"D1,D2",SOD-323_L1.8-W1.3-LS2.5-RD,1N4148WS,JSMSEMI,C917117,LCSC,
2,SMAJ6.0A,"D3,D5",SMA_L4.3-W2.6-LS5.1-RD,SMAJ6.0A,MDD,C364284,LCSC,
1,RCLAMP0582N,D4,DFN1210-6_L1.2-W1.0-P0.40-BL,RCLAMP0582N(ES),ElecSuper,C46970803,LCSC,
1,1uH,L1,IND-SMD_L7.2-W6.6_GPSR0730,CYA0630-1.0UH,SHOU HAN,C5189744,LCSC,
40,"White LED, 4500K","LED1,LED2,LED3,LED4,LED5,LED6,LED7,LED8,LED9,LED10,LED11,LED12,LED13,LED14,LED15,LED16,LED17,LED18,LED19,LED20,LED21,LED22,LED23,LED24,LED25,LED26,LED27,LED28,LED29,LED30,LED31,LED32,LED33,LED34,LED35,LED36,LED37,LED38,LED39,LED40",RCW_2835_LED_Custom,-,-,-,RCW - Taobao,"Rated 0.5W, 3.0-3.4V, 150mA; operated at ~9-11 mA in this design"
4,Blue LED,"LED41,LED42,LED43,LED44",LED0603-RD,NCD0603B1,NationStar,C84266,LCSC,
1,AO3400A,Q1,SOT-23-3_L2.9-W1.3-P1.90-LS2.4-BR,AO3400A,UMW,C347475,LCSC,
1,IRF7324TR,Q2,SOP-8_L4.9-W3.9-P1.27-LS6.0-BL,IRF7324TR(UMW),UMW,C5447651,LCSC,
1,MMBT3904,Q3,SOT-23-3_L2.9-W1.3-P1.90-LS2.4-BR,MMBT3904,R+O,C7420353,LCSC,
40,180Ω,"R1,R2,R3,R4,R5,R6,R7,R8,R9,R10,R11,R12,R13,R14,R15,R16,R17,R18,R19,R20,R21,R22,R23,R24,R25,R26,R27,R28,R29,R30,R31,R32,R33,R34,R35,R36,R37,R38,R39,R40",R0603,0603WAF1800T5E,UNI-ROYAL,C22828,LCSC,
1,10kΩ,R41,R0603,0603WAF1002T5E,UNI-ROYAL,C25804,LCSC,
1,500mΩ,R42,R0603,0603WAF500LT5E,UNI-ROYAL,C45312,LCSC,
1,2Ω,R43,R0603,0603WAF200KT5E,UNI-ROYAL,C22977,LCSC,
3,100kΩ,"R44,R49,R51",R0603,0603WAF1003T5E,UNI-ROYAL,C25803,LCSC,
1,470Ω,R45,R0603,0603WAF4700T5E,UNI-ROYAL,C23179,LCSC,
1,2.2kΩ,R46,R0603,0603WAF2201T5E,UNI-ROYAL,C4190,LCSC,
1,220Ω,R47,R0603,0603WAF2200T5E,UNI-ROYAL,C22962,LCSC,
1,10kΩ,R48,RISYM_B103_3Pin_Custom,-,-,-,RISYM - Taobao,"B103 linear potentiometer, single-gang, 3-pin, 16*2 mm dial; use matching mechanical footprint"
1,47kΩ,R50,R0603,0603WAF4702T5E,UNI-ROYAL,C25819,LCSC,
1,1kΩ,R52,R0603,0603WAF1001T5E,UNI-ROYAL,C21190,LCSC,
2,5.1kΩ,"R53,R54",R0603,0603WAF5101T5E,UNI-ROYAL,C23186,LCSC,
1,Momentary Push Button,SW1,KEY-SMD_4P-L4.7-W3.6_LCK-TA055-1YL,LCK-TA055-1YL,LCKELEC,C53184738,LCSC,
1,SPDT Slide Switch,SW2,SW-SMD_MK-12C02-G025,MK-12C02-G025,G-Switch,C778186,LCSC,
1,IP5306,U1,ESOP-8_L4.9-W3.9-P1.27-LS6.0-BL-EP,IP5306,INJOINIC,C181692,LCSC,
1,TLC555,U2,SOIC-8_L5.0-W4.0-P1.27-LS6.0-BL,TLC555CDR,TI,C6986,LCSC,
1,XB8089D0,U3,SOIC-8_L4.9-W3.9-P1.27-LS6.0-BL-EP3.3-1,XB8089D0,xysemi,C2760005,LCSC,
1,USB Type-C 6Pin,USB1,USB-SMD_TYPE-C-6PIN,TYPE-C 6PIN,SHOU HAN,C7507406,LCSC,
1,USB Type-A,USB2,USB-A-TH_10.0QHHTZB6.3,10.0 QHHTZB6.3,SHOU HAN,C668591,LCSC,